<?xml version="1.0" encoding="UTF-8"?>
<beans xmlns="http://www.springframework.org/schema/beans"
	xmlns:xsi="http://www.w3.org/2001/XMLSchema-instance" xmlns:p="http://www.springframework.org/schema/p"
	xmlns:context="http://www.springframework.org/schema/context"
	xmlns:aop="http://www.springframework.org/schema/aop"
	xsi:schemaLocation="http://www.springframework.org/schema/beans http://www.springframework.org/schema/beans/spring-beans-3.0.xsd
	 http://www.springframework.org/schema/context http://www.springframework.org/schema/context/spring-context-3.0.xsd
	 http://www.springframework.org/schema/aop http://www.springframework.org/schema/aop/spring-aop-3.0.xsd">
	<bean id="propertyConfig"
		class="org.springframework.beans.factory.config.PropertyPlaceholderConfigurer">
		<property name="locations">
			<list>
				<value>classpath:important.properties</value>
			</list>
		</property>
	</bean>
	<import resource="classpath:spring-config-datasource-${serverside.jdbc.datasource.type}.xml"/>
	<import resource="classpath:spring-config-dao.xml" />
	<import resource="classpath:spring-config-service.xml" />
	<context:annotation-config />
	<aop:aspectj-autoproxy />

</beans>