<?xml version="1.0" encoding="UTF-8"?>
<beans xmlns="http://www.springframework.org/schema/beans"
	xmlns:xsi="http://www.w3.org/2001/XMLSchema-instance" xmlns:p="http://www.springframework.org/schema/p"
	xmlns:mvc="http://www.springframework.org/schema/mvc" xmlns:aop="http://www.springframework.org/schema/aop"
	xmlns:context="http://www.springframework.org/schema/context"
	xsi:schemaLocation="http://www.springframework.org/schema/beans http://www.springframework.org/schema/beans/spring-beans-3.0.xsd
	                    http://www.springframework.org/schema/mvc http://www.springframework.org/schema/mvc/spring-mvc-3.0.xsd
	                    http://www.springframework.org/schema/aop http://www.springframework.org/schema/aop/spring-aop-3.0.xsd
	                    http://www.springframework.org/schema/context http://www.springframework.org/schema/context/spring-context-3.0.xsd">

	<context:component-scan base-package="com.jd.app.server.fit.web"
		use-default-filters="false">
		<context:include-filter type="regex"
			expression="com.jd.app.server.fit.web.*" />
	</context:component-scan>
	<mvc:annotation-driven />

	<bean
		class="org.springframework.web.servlet.view.ContentNegotiatingViewResolver">
		<property name="order" value="1" />
		<property name="mediaTypes">
			<map>
				<entry key="json" value="application/json" />
				<entry key="action" value="text/html" />
			</map>
		</property>
		<property name="defaultViews">
			<list>
				<bean
					class="org.springframework.web.servlet.view.json.MappingJacksonJsonView">
				</bean>
			</list>
		</property>
		<property name="viewResolvers">
			<list>
				<bean
					class="org.springframework.web.servlet.view.InternalResourceViewResolver">
					<property name="prefix" value="/WEB-INF/pages/" />
					<property name="suffix" value=".jsp"></property>
				</bean>
			</list>
		</property>
		<property name="ignoreAcceptHeader" value="true" />
	</bean>

</beans>