<?xml version="1.0" encoding="UTF-8"?><!--Converted at: Fri Apr 08 15:07:03 
	CST 2011 -->
<!DOCTYPE configuration PUBLIC "-//mybatis.org//DTD SQL Map Config 3.0//EN"
"http://mybatis.org/dtd/mybatis-3-config.dtd">
<configuration>
	<settings>
		<setting name="cacheEnabled" value="true" />
	</settings>
	<typeAliases>
		<typeAlias alias="DeviceType" type="com.jd.app.server.fit.domain.DeviceType" />

		<typeAlias type="com.jd.app.server.fit.dao.param.DAOParamSelectObjs"
			alias="ParamSelectObjs" />
		<typeAlias type="com.jd.app.server.fit.dao.param.DAOParamSelectBrands"
			alias="ParamSelectBrands" />
		<typeAlias type="com.jd.app.server.fit.dao.param.DAOParamBrandCnt"
			alias="ParamBrandCnt" />

		<typeAlias type="com.jd.app.server.fit.dao.param.DAOParamInsertAPIVer"
			alias="ParamInsertAPIVer" />

		<typeAlias type="com.jd.app.server.fit.dao.param.DAOParamDelObj"
			alias="ParamDelObj" />
		<typeAlias type="com.jd.app.server.fit.dao.param.DAOParamInsertObjInfoVer"
			alias="ParamInsertObjInfoVer" />
		<typeAlias type="com.jd.app.server.fit.dao.param.DAOParamUpgradeObjInfoVer"
			alias="ParamUpgradeObjInfoVer" />

		<typeAlias type="com.jd.app.server.fit.dao.table.DAORowObjList"
			alias="RowObjList" />
		<typeAlias type="com.jd.app.server.fit.dao.table.DAORowObjInfo"
			alias="RowObjInfo" />
		<typeAlias type="com.jd.app.server.fit.dao.table.DAORowBrandCnt"
			alias="RowBrandCnt" />

		<typeAlias type="com.jd.app.server.fit.dao.table.DAORowBrandList"
			alias="RowBrandList" />

		<typeAlias type="com.jd.app.server.fit.dao.table.DAORowAPIVer"
			alias="RowAPIVer" />

		<typeAlias type="com.jd.app.server.fit.dao.table.DAORowName"
			alias="RowName" />

		<typeAlias type="com.jd.app.server.fit.dao.table.DAORowLookSku"
			alias="RowLookSku" />
	</typeAliases>
</configuration>