<?xml version="1.0" encoding="UTF-8"?>
<!DOCTYPE mapper PUBLIC "-//mybatis.org//DTD Mapper 3.0//EN" "http://mybatis.org/dtd/mybatis-3-mapper.dtd">  
  
<mapper namespace="com.jd.app.server.fit.dao.APIVerDao">
        
    <select id="selectVer" resultType="RowAPIVer">  
        <![CDATA[
        SELECT curr_ver AS ver, min_ver AS minVer, msg, info FROM api_ver_support
		WHERE name = "comp"
		]]>
    </select>
    
    <insert id="insertOrUpdate" parameterType="ParamInsertAPIVer">
    	<![CDATA[
    	INSERT INTO api_ver_support (name, curr_ver, min_ver, msg, info, create_time, update_time)
    	VALUES (#{name}, #{ver}, #{minVer}, #{msg}, #{info}, unix_timestamp(), unix_timestamp())
    	ON DUPLICATE KEY UPDATE
		]]>
		<if test="ver != null">
    		curr_ver = VALUES(curr_ver),
		</if>
		<if test="minVer != null">
    		min_ver = VALUES(min_ver),
		</if>
		<if test="msg != null">
    		msg = VALUES(msg),
		</if>
		<if test="info != null">
    		info = VALUES(info),
		</if>
    	<![CDATA[
    		update_time = VALUES(update_time)
		]]>
    </insert>
</mapper>