<?xml version="1.0" encoding="UTF-8"?>
<!DOCTYPE mapper PUBLIC "-//mybatis.org//DTD Mapper 3.0//EN" "http://mybatis.org/dtd/mybatis-3-mapper.dtd">  
  
<mapper namespace="com.jd.app.server.fit.dao.ObjInfoVerDao">
    <cache
        eviction="LRU"
        flushInterval="${g_db_cache_expires}"
        size="${g_db_cache_size}"
        readOnly="true" />
    
    <update id="deleteRow" parameterType="ParamDelObj">
        <![CDATA[
        UPDATE obj_info_ver SET st = -1
        WHERE ver = #{ver}
        	AND obj_type = #{objType}
        	AND uuid = #{uuid}
        ]]>
    </update>
    
    <insert id="insertUpgrade" parameterType="ParamUpgradeObjInfoVer">
        <![CDATA[
        INSERT IGNORE INTO obj_info_ver (
        	SELECT obj_type, uuid, #{verNew}, res_ver, sort, 0, unix_timestamp(), unix_timestamp()
        	FROM obj_info_ver
        	WHERE st = 0
        		AND ver = #{verOld}
        ]]>
        	<if test="filter != null and filter.length > 0">
        		AND uuid not in 
        		<foreach collection="filter" item="item" open="(" separator="," close=")">
        			#{item}
        		</foreach>
        	</if>
        <![CDATA[
		)
        ]]>
    </insert>
    
</mapper>

