<?xml version="1.0" encoding="UTF-8"?>
<!DOCTYPE mapper PUBLIC "-//mybatis.org//DTD Mapper 3.0//EN" "http://mybatis.org/dtd/mybatis-3-mapper.dtd">  
  
<mapper namespace="com.jd.app.server.fit.dao.ObjInfoDao">
    <cache
        eviction="LRU"
        flushInterval="${g_db_cache_expires}"
        size="${g_db_cache_size}"
        readOnly="true" />


    <select id="selectObjs" parameterType="ParamSelectObjs" resultType="RowObjList">
    	<![CDATA[
    	SELECT #{objType} AS objType, t1.res_ver AS resVer, t1.uuid, t2.name, t2.url FROM
    	(	SELECT uuid, res_ver, sort, update_time FROM obj_info_ver
    		WHERE obj_type = #{objType}
    			AND st = 0
    			AND ver = #{ver}
    	]]>
    		<if test="uuid != null and uuid.length() > 0">
    			AND uuid = #{uuid}
    		</if>
    	<![CDATA[
    	) t1
    	INNER JOIN
    	(	SELECT uuid, name, url FROM obj_info
	    	WHERE obj_type = #{objType}
	    		AND st = 0
    	]]>
    		<if test="uuid != null and uuid.length() > 0">
    			AND uuid = #{uuid}
    		</if>
    		<if test="brand != null and brand.length() > 0">
    			AND brand = #{brand}
    		</if>
    		<if test="subtype != null and subtype.length() > 0">
    			AND subtype = #{subtype}
    		</if>
    		<if test="gender >= 0">
    			AND gender IN (#{gender}, 2)
    		</if>
    		<if test="adult >= 0">
    			AND adult IN (#{adult}, 2)
    		</if>
    	<![CDATA[
	    ) t2
	    ON t1.uuid = t2.uuid
	    ORDER BY t1.sort DESC, t1.update_time DESC, t1.uuid ASC
	    ]]>
	    <if test="start >= 0">
	    LIMIT #{start}, #{cnt}
	    </if>
    </select>
    
    <select id="selectObjByID" parameterType="ParamSelectObjs" resultType="RowObjInfo">
        <![CDATA[
        SELECT #{resVer} AS resVer, t1.uuid, t2.name, t2.url, t2.gender, t2.adult,
        	t1.sort, t2.st, t1.createTime, t1.updateTime, t2.icon FROM
        (   SELECT uuid, sort, create_time AS createTime, update_time AS updateTime FROM obj_info_ver
            WHERE obj_type = #{objType}
            	AND ver_min <= #{ver}
            	AND ver_max >= #{ver}
        ]]>
            <if test="uuid != null and uuid.length() > 0">
                AND uuid = #{uuid}
            </if>
        <![CDATA[
        ) t1
        INNER JOIN
        (   SELECT uuid, name, url, gender, adult, st, icon FROM obj_info
            WHERE obj_type = #{objType}
        ) t2
        ON t1.uuid = t2.uuid
        ORDER BY t1.sort DESC, t1.updateTime DESC, t1.uuid ASC
        ]]>
    </select>
    
</mapper>

