<?xml version="1.0" encoding="UTF-8"?>
<!DOCTYPE mapper PUBLIC "-//mybatis.org//DTD Mapper 3.0//EN" "http://mybatis.org/dtd/mybatis-3-mapper.dtd">

<mapper namespace="com.jd.app.server.measure.dao.ApiVerDao">

	<select id="selectVer" resultType="ApiVerInfo">  
        <![CDATA[
        SELECT * FROM ver_support
		WHERE name = "tool"
		]]>
	</select>

	<select id="selectApiVerList" resultType="ApiVerInfo">  
        <![CDATA[
        SELECT * FROM ver_support
		]]>
	</select>

	<select id="selectApiVerInfo" resultType="ApiVerInfo">  
        <![CDATA[
        SELECT * FROM ver_support WHERE name = #{name}
		]]>
	</select>

	<insert id="insertOrUpdate" parameterType="ApiVerInfo">
    	<![CDATA[
    	INSERT INTO ver_support (name, curr_ver, min_ver, msg, info, create_time, update_time,download_url)
    	VALUES (#{name}, #{curr_ver}, #{min_ver}, #{msg}, #{info}, unix_timestamp(), unix_timestamp(),#{download_url})
    	ON DUPLICATE KEY UPDATE
		]]>
		<if test="curr_ver != null">
			curr_ver = #{curr_ver},
		</if>
		<if test="min_ver != null">
			min_ver = #{min_ver},
		</if>
		<if test="msg != null">
			msg = #{msg},
		</if>
		<if test="info != null">
			info = #{info},
		</if>
		<if test="download_url != null">
			download_url = #{download_url},
		</if>
    	<![CDATA[
    		update_time = VALUES(update_time)
		]]>
	</insert>
</mapper>