<?xml version="1.0" encoding="UTF-8"?>
<beans xmlns="http://www.springframework.org/schema/beans"
	xmlns:xsi="http://www.w3.org/2001/XMLSchema-instance" xmlns:p="http://www.springframework.org/schema/p"
	xmlns:mvc="http://www.springframework.org/schema/mvc" xmlns:aop="http://www.springframework.org/schema/aop"
	xmlns:context="http://www.springframework.org/schema/context"
	xsi:schemaLocation="http://www.springframework.org/schema/beans http://www.springframework.org/schema/beans/spring-beans-3.0.xsd
	                    http://www.springframework.org/schema/mvc http://www.springframework.org/schema/mvc/spring-mvc-3.0.xsd
	                    http://www.springframework.org/schema/aop http://www.springframework.org/schema/aop/spring-aop-3.0.xsd
	                    http://www.springframework.org/schema/context http://www.springframework.org/schema/context/spring-context-3.0.xsd">

	<context:component-scan base-package="com.hao.app.server.haogongjiang.web"
		use-default-filters="false">
		<context:include-filter type="regex"
			expression="com.hao.app.server.haogongjiang.web.*" />
	</context:component-scan>
	<mvc:resources mapping="/js/**" location="/js/" />
	<mvc:resources mapping="/css/**" location="/css/" />
	<mvc:resources mapping="/img/**" location="/img/" />
	<mvc:annotation-driven />
	<mvc:interceptors>
		<mvc:interceptor>
			<mvc:mapping path="/**" />
			<bean
				class="com.hao.app.server.haogongjiang.web.interceptor.RequestLoggingInterceptor"></bean>
		</mvc:interceptor>
		<mvc:interceptor>
			<mvc:mapping path="/tool/*" />
			<bean class="com.hao.app.server.haogongjiang.web.interceptor.CheckLoginInterceptor"></bean>
		</mvc:interceptor>
	</mvc:interceptors>

	<bean
		class="org.springframework.web.servlet.view.ContentNegotiatingViewResolver">
		<property name="order" value="1" />
		<property name="mediaTypes">
			<map>
				<entry key="json" value="application/json" />
				<entry key="action" value="text/html" />
			</map>
		</property>
		<property name="defaultViews">
			<list>
				<bean
					class="org.springframework.web.servlet.view.json.MappingJacksonJsonView">
				</bean>
			</list>
		</property>
		<property name="viewResolvers">
			<list>
				<bean
					class="org.springframework.web.servlet.view.InternalResourceViewResolver">
					<property name="prefix" value="/WEB-INF/pages/" />
					<property name="suffix" value=".jsp"></property>
				</bean>
			</list>
		</property>
		<property name="ignoreAcceptHeader" value="true" />
	</bean>
	<bean id="multipartResolver"
		class="org.springframework.web.multipart.commons.CommonsMultipartResolver">
		<!--1024*2048即2M -->
		<property name="maxUploadSize" value="2097152" />
		<!--resolveLazily属性启用是为了推迟文件解析，以便在UploadAction 中捕获文件大小异常 -->
		<property name="resolveLazily" value="true" />
	</bean>
</beans>